ArrivalRate_pts_hr,TotalArrived,TotalCompleted,TotalRemaining,Throughput_pts_hr,AvgLatency_s,MedianLatency_s,P95Latency_s,MaxLatency_s,AvgPatientQueue,AvgAIQueue,AvgDoctorQueue,AI_Utilization_pct,Doctor_Utilization_pct,Capture_Utilization_pct,NetworkContribution_pct,BottleneckStage
10,86,86,0,10.75,130.3120765562516,128.40709746737457,181.17083185507545,194.35813437720208,0.004162330905306972,0.0,0.02081165452653486,0.30172967618188695,19.030897526059977,7.846386565100816,0.07691856902001647,None (Balanced Flow / Well-Dimensioned)
20,174,173,1,21.625,138.12794160736684,131.22467209538536,211.6146356523029,271.6450166945042,0.018730489073881373,0.0,0.10197710718002082,0.6096611342997695,35.73183574220156,15.036958381728413,0.07448294154929547,None (Balanced Flow / Well-Dimensioned)
30,248,248,0,31.0,151.84774471688698,138.50794181470428,241.32780966379275,293.4751837651929,0.04162330905306972,0.0,0.22580645161290322,0.8640464492605088,52.80361440955033,22.210893088816356,0.06550415354116015,None (Balanced Flow / Well-Dimensioned)
40,327,326,1,40.75,191.10471243290814,161.55296345613533,356.3043591890264,491.09245632188504,0.08324661810613944,0.0,0.7200832466181062,1.1255891217362155,68.43151788528537,29.24115669488186,0.05235719193870353,None (Balanced Flow / Well-Dimensioned)
50,411,409,2,51.125,253.65338553755547,223.19807249448422,512.8178233789222,634.561909280932,0.1696149843912591,0.0,1.7460978147762747,1.421408513719821,84.60728949902544,36.8742703682327,0.039489892625435424,Doctor Review Station (Sub-critical saturation)
60,482,469,13,58.625,1007.9472994005064,1047.5827051401793,1510.9543700873458,1663.0076314295948,0.24661810613943808,0.0,14.417273673257023,1.6189688264107125,98.6958026963712,42.508787731805455,0.009771708531184864,Doctor Review Station
70,535,483,52,60.375,2577.4170815455623,2646.442394995125,4320.534605365983,4482.153704050481,0.37356919875130074,0.0,44.925078043704474,1.6865155686525986,98.88394695336808,43.358112540984486,0.003853904561386991,Doctor Review Station
80,631,485,146,60.625,3925.9951825707544,4039.314371868837,6960.411763865034,7218.360538988967,0.8647242455775234,0.0,78.19562955254943,1.6767608393140823,99.33389741193307,43.075520922991714,0.00250023482827706,Doctor Review Station
100,803,475,328,59.375,6179.392971057707,6407.750008457673,11391.605196684835,11948.901782082685,2.6982310093652444,0.0,160.18002081165452,1.6384852387825184,99.47610077696297,42.27861636212015,0.0015956448439616566,Doctor Review Station
120,988,478,510,59.75,7500.977499085671,7577.9752768463,13910.538566541534,14585.098872672257,15.708636836628513,0.0,226.47554630593132,1.6639351010855996,99.48384597477717,43.32201599098966,0.0013355403805737716,Doctor Review Station
