ID,ArrivalTime,CheckinStart,CheckinEnd,CaptureStart,CaptureEnd,NetworkStart,NetworkEnd,AIQueueEntry,AIStart,AIEnd,DocQueueEntry,DocStart,DocEnd,ExitTime,TotalLatency,RiskScore,IsHighRisk,IsEmergency,Completed
1,56.31217079722309,56.31217079722309,86.46850518346646,86.46850518346646,122.10201476348493,122.10201476348493,122.21418691233207,122.21418691233207,122.21418691233207,124.21056022797825,124.21056022797825,124.21056022797825,198.73333013597116,198.73333013597116,142.42115933874805,0.3624910273600966,False,False,True
2,417.5267425073256,417.5267425073256,447.9358893000634,447.9358893000634,478.33695122153824,478.33695122153824,478.43697533104546,478.43697533104546,478.43697533104546,480.0612572977215,480.0612572977215,480.0612572977215,535.0916315499717,535.0916315499717,117.56488904264609,0.4290715995671928,False,False,True
3,575.5362257327795,575.5362257327795,605.0417774668238,605.0417774668238,634.7104325835799,634.7104325835799,634.7940908109586,634.7940908109586,634.7940908109586,636.903180375746,636.903180375746,636.903180375746,687.7196293581299,687.7196293581299,112.18340362535037,0.5001913482441629,False,False,True
4,685.0893321858939,685.0893321858939,719.6847146008328,719.6847146008328,747.0565713755836,747.0565713755836,747.1697562889523,747.1697562889523,747.1697562889523,749.4358225059815,749.4358225059815,749.4358225059815,793.1585646076145,793.1585646076145,108.06923242172059,0.0847304326997902,False,False,True
5,705.4443166413755,719.6847146008328,748.2333418798895,748.2333418798895,769.7927149506361,769.7927149506361,769.9114663533886,769.9114663533886,769.9114663533886,771.7852378152843,771.7852378152843,793.1585646076145,840.7774066579302,840.7774066579302,135.3330900165547,0.11900619031755064,False,False,True
6,725.7958716711281,748.2333418798895,779.5703034502491,779.5703034502491,798.7120518225488,798.7120518225488,798.7799006252615,798.7799006252615,798.7799006252615,799.9986364682733,799.9986364682733,840.7774066579302,945.0138230375611,945.0138230375611,219.217951366433,0.33600153837954827,False,False,True
7,732.9765239041698,779.5703034502491,811.1787924812292,811.1787924812292,830.8240574450878,830.8240574450878,830.9088029495165,830.9088029495165,830.9088029495165,832.9684873935554,832.9684873935554,945.0138230375611,1023.684016748613,1023.684016748613,290.7074928444432,0.22347225928306305,False,False,True
8,974.3242276417625,974.3242276417625,1000.9837753735472,1000.9837753735472,1020.9420867896044,1020.9420867896044,1021.0267039426087,1021.0267039426087,1021.0267039426087,1023.1577255081288,1023.1577255081288,1023.684016748613,1063.4179012554926,1063.4179012554926,89.09367361373006,0.23543712753151053,False,False,True
9,1084.6140860770342,1084.6140860770342,1119.574297824717,1119.574297824717,1139.037316686356,1139.037316686356,1139.1185186243338,1139.1185186243338,1139.1185186243338,1141.2398070508223,1141.2398070508223,1141.2398070508223,1181.4029376996687,1181.4029376996687,96.78885162263441,0.4898552555706233,False,False,True
10,1232.364093481585,1232.364093481585,1261.489294698108,1261.489294698108,1283.3328265048362,1283.3328265048362,1283.449416001675,1283.449416001675,1283.449416001675,1285.8201506592216,1285.8201506592216,1285.8201506592216,1353.048141584999,1353.048141584999,120.68404810341394,0.46418536783959125,False,False,True
11,1234.8600104414818,1261.489294698108,1287.710568900644,1287.710568900644,1312.6264516710985,1312.6264516710985,1312.7225751483231,1312.7225751483231,1312.7225751483231,1314.4012590444283,1314.4012590444283,1353.048141584999,1421.2571135456685,1421.2571135456685,186.39710310418673,0.03496022111393752,False,False,True
12,1655.2869074604791,1655.2869074604791,1687.9694566783312,1687.9694566783312,1713.5793224044683,1713.5793224044683,1713.674032107642,1713.674032107642,1713.674032107642,1715.8780969392772,1715.8780969392772,1715.8780969392772,1784.1113544690377,1784.1113544690377,128.82444700855854,0.09121194067513035,False,False,True
13,1869.6584526630402,1869.6584526630402,1895.166112754085,1895.166112754085,1913.3799544051333,1913.3799544051333,1913.439877157845,1913.439877157845,1913.439877157845,1915.7976294115886,1915.7976294115886,1915.7976294115886,1971.973292508283,1971.973292508283,102.31483984524289,0.5496024716016481,False,False,True
14,1898.300967692914,1898.300967692914,1928.4418734797596,1928.4418734797596,1954.9243377465973,1954.9243377465973,1955.0370461072014,1955.0370461072014,1955.0370461072014,1956.5034698319994,1956.5034698319994,1971.973292508283,2030.0914786082396,2030.0914786082396,131.79051091532574,0.21724048529705414,False,False,True
15,1922.3824463428734,1928.4418734797596,1958.3962784965386,1958.3962784965386,1983.920264844031,1983.920264844031,1983.995479676134,1983.995479676134,1983.995479676134,1986.0913752239096,1986.0913752239096,2030.0914786082396,2095.00967147063,2095.00967147063,172.62722512775667,0.6351491615725039,False,False,True
16,1946.6958170827443,1958.3962784965386,1993.8257563256964,1993.8257563256964,2018.1684605768812,2018.1684605768812,2018.2696592294865,2018.2696592294865,2018.2696592294865,2020.118405280184,2020.118405280184,2095.00967147063,2156.2980665650302,2156.2980665650302,209.60224948228597,0.1330585744014725,False,False,True
17,1990.2262646180016,1993.8257563256964,2026.1992474900962,2026.1992474900962,2047.5751738405454,2047.5751738405454,2047.6807213793045,2047.6807213793045,2047.6807213793045,2049.656264577374,2049.656264577374,2156.2980665650302,2183.008560973817,2183.008560973817,192.78229635581556,0.45334234097279646,False,False,True
18,2079.497604321304,2079.497604321304,2109.3724695275782,2109.3724695275782,2127.710072423802,2127.710072423802,2127.837285595719,2127.837285595719,2127.837285595719,2129.9415885407807,2129.9415885407807,2183.008560973817,2239.561566515189,2239.561566515189,160.0639621938849,0.35346677651028946,False,False,True
19,2147.3620523349446,2147.3620523349446,2181.450883830946,2181.450883830946,2209.8532169352748,2209.8532169352748,2209.9270405272923,2209.9270405272923,2209.9270405272923,2211.7808719580585,2211.7808719580585,2239.561566515189,2286.790470001284,2286.790470001284,139.42841766633956,0.12308967424216163,False,False,True
20,2188.6688114414173,2188.6688114414173,2225.619849186504,2225.619849186504,2251.099809469859,2251.099809469859,2251.1394192267426,2251.1394192267426,2251.1394192267426,2252.936706802994,2252.936706802994,2286.790470001284,2349.4186412849117,2349.4186412849117,160.74982984349435,0.41388004996722844,False,False,True
21,2302.233316309393,2302.233316309393,2335.0223678411526,2335.0223678411526,2362.109804539102,2362.109804539102,2362.213481529997,2362.213481529997,2362.213481529997,2364.2237272552434,2364.2237272552434,2364.2237272552434,2469.0026122942945,2469.0026122942945,166.76929598490142,0.0378489167211007,False,False,True
22,2320.261459756674,2335.0223678411526,2365.0741309403693,2365.0741309403693,2387.513588239075,2387.513588239075,2387.6495984627054,2387.6495984627054,2387.6495984627054,2389.3234246810466,2389.3234246810466,2469.0026122942945,2534.5148372764093,2534.5148372764093,214.2533775197353,0.27649156411725234,False,False,True
23,2361.7233211969624,2365.0741309403693,2388.5149497786183,2388.5149497786183,2410.2639398526067,2410.2639398526067,2410.3887187796654,2410.3887187796654,2410.3887187796654,2412.062971241,2412.062971241,2534.5148372764093,2589.8118919838234,2589.8118919838234,228.08857078686106,0.18186276578712274,False,False,True
24,2416.476587383464,2416.476587383464,2441.151019068087,2441.151019068087,2472.256026442592,2472.256026442592,2472.3602196308975,2472.3602196308975,2472.3602196308975,2474.5640316157846,2474.5640316157846,2589.8118919838234,2663.638914513482,2663.638914513482,247.16232713001818,0.7176942589037274,True,False,True
25,2489.548749926637,2489.548749926637,2518.022626404864,2518.022626404864,2559.001720505583,2559.001720505583,2559.0918877818704,2559.0918877818704,2559.0918877818704,2560.7472495713228,2560.7472495713228,2663.638914513482,2730.8792328216205,2730.8792328216205,241.33048289498356,0.13319561521305878,False,False,True
26,2674.101071250346,2674.101071250346,2701.0535102395497,2701.0535102395497,2724.2802627986703,2724.2802627986703,2724.396405250603,2724.396405250603,2724.396405250603,2726.5962990008757,2726.5962990008757,2730.8792328216205,2797.180650178398,2797.180650178398,123.07957892805189,0.5040464754178341,False,False,True
27,2700.829374705789,2701.0535102395497,2730.1186537246226,2730.1186537246226,2756.0325468060823,2756.0325468060823,2756.113075882088,2756.113075882088,2756.113075882088,2758.2518532699446,2758.2518532699446,2797.180650178398,2866.2834090766332,2866.2834090766332,165.45403437084406,0.4348258910583511,False,False,True
28,2787.4728733097645,2787.4728733097645,2817.75612293425,2817.75612293425,2842.260236224021,2842.260236224021,2842.369763379408,2842.369763379408,2842.369763379408,2843.852021360771,2843.852021360771,2866.2834090766332,2957.1315625490765,2957.1315625490765,169.65868923931203,0.5860976443866913,False,False,True
29,2895.173439866936,2895.173439866936,2927.8219036387195,2927.8219036387195,2947.8478021207693,2947.8478021207693,2947.9579115239526,2947.9579115239526,2947.9579115239526,2949.754642128252,2949.754642128252,2957.1315625490765,3000.1682360191876,3000.1682360191876,104.99479615225164,0.18316882830517744,False,False,True
30,2900.881101837705,2927.8219036387195,2957.469409748424,2957.469409748424,2979.7791284341006,2979.7791284341006,2979.9003326322504,2979.9003326322504,2979.9003326322504,2982.2585654531645,2982.2585654531645,3000.1682360191876,3067.2727171713595,3067.2727171713595,166.3916153336545,0.7683692179291828,True,False,True
31,3013.1210643156583,3013.1210643156583,3045.553572534789,3045.553572534789,3082.6136282705893,3082.6136282705893,3082.7688214713676,3082.7688214713676,3082.7688214713676,3084.4744718120255,3084.4744718120255,3084.4744718120255,3130.5787548623025,3130.5787548623025,117.45769054664424,0.5492596252097732,False,False,True
32,3035.5564145529484,3045.553572534789,3075.8759446088397,3082.6136282705893,3103.3490676492943,3103.3490676492943,3103.456915968638,3103.456915968638,3103.456915968638,3105.317594689945,3105.317594689945,3130.5787548623025,3198.9114445574364,3198.9114445574364,163.35503000448807,0.26472268892578293,False,False,True
33,3043.628086258465,3075.8759446088397,3095.9986117770704,3103.3490676492943,3128.7916882966156,3128.7916882966156,3128.8815090241014,3128.8815090241014,3128.8815090241014,3131.020127292077,3131.020127292077,3198.9114445574364,3245.131146885145,3245.131146885145,201.50306062668005,0.5850017029331107,False,False,True
34,3400.470621479297,3400.470621479297,3425.773944510203,3425.773944510203,3446.8905006822747,3446.8905006822747,3446.989989196031,3446.989989196031,3446.989989196031,3449.2250063488154,3449.2250063488154,3449.2250063488154,3502.9645041447393,3502.9645041447393,102.49388266544247,0.11342272174932935,False,False,True
35,3804.9462625746373,3804.9462625746373,3834.2258247960294,3834.2258247960294,3858.872533936613,3858.872533936613,3858.937152418515,3858.937152418515,3858.937152418515,3860.8616907527016,3860.8616907527016,3860.8616907527016,3916.435342039133,3916.435342039133,111.48907946449572,0.4893412068473829,False,False,True
36,4003.2260513121823,4003.2260513121823,4027.177577597977,4027.177577597977,4047.9233753279887,4047.9233753279887,4048.009481065367,4048.009481065367,4048.009481065367,4049.8302280069593,4049.8302280069593,4049.8302280069593,4124.46747879713,4124.46747879713,121.24142748494751,0.20317966832995613,True,True,True
37,4046.8205945084333,4046.8205945084333,4079.820238158414,4079.820238158414,4101.757621843853,4101.757621843853,4101.849436195091,4101.849436195091,4101.849436195091,4104.2761471536005,4104.2761471536005,4124.46747879713,4198.244295456266,4198.244295456266,151.42370094783246,0.24488976332066348,False,False,True
38,4059.153872308734,4079.820238158414,4117.473992320132,4117.473992320132,4133.797224124772,4133.797224124772,4133.886742356813,4133.886742356813,4133.886742356813,4136.408412255952,4136.408412255952,4198.244295456266,4239.55853480957,4239.55853480957,180.4046625008359,0.2117968485225657,False,False,True
39,4197.483963880573,4197.483963880573,4233.57777313906,4233.57777313906,4259.147735647198,4259.147735647198,4259.250782744639,4259.250782744639,4259.250782744639,4261.544440159873,4261.544440159873,4261.544440159873,4322.368451824871,4322.368451824871,124.88448794429769,0.35498473629342137,False,False,True
40,4267.094864990821,4267.094864990821,4296.027650636171,4296.027650636171,4318.864810210943,4318.864810210943,4318.948361812295,4318.948361812295,4318.948361812295,4320.973957255064,4320.973957255064,4322.368451824871,4371.724754003633,4371.724754003633,104.62988901281187,0.6152361571903725,False,False,True
41,4282.713133065356,4296.027650636171,4333.481281320421,4333.481281320421,4361.549774326,4361.549774326,4361.672194939347,4361.672194939347,4361.672194939347,4363.429715222855,4363.429715222855,4371.724754003633,4412.847180343503,4412.847180343503,130.1340472781476,0.44388371154031053,False,False,True
42,4364.738800441453,4364.738800441453,4395.482137727464,4395.482137727464,4420.115877174644,4420.115877174644,4420.215881315942,4420.215881315942,4420.215881315942,4421.966747993975,4421.966747993975,4421.966747993975,4478.7114922376095,4478.7114922376095,113.97269179615614,0.20317476349637875,False,False,True
43,4368.938047014671,4395.482137727464,4423.796707871874,4423.796707871874,4444.381557175937,4444.381557175937,4444.481371169514,4444.481371169514,4444.481371169514,4446.638125401094,4446.638125401094,4478.7114922376095,4534.084250410772,4534.084250410772,165.14620339610155,0.04335227338058243,False,False,True
44,4656.988793501833,4656.988793501833,4683.921780184129,4683.921780184129,4703.081099735732,4703.081099735732,4703.174541841402,4703.174541841402,4703.174541841402,4705.300061307668,4705.300061307668,4705.300061307668,4801.700808602851,4801.700808602851,144.71201510101764,0.03881761555543598,False,False,True
45,4692.923726722715,4692.923726722715,4721.411378290275,4721.411378290275,4746.378994032106,4746.378994032106,4746.482097845783,4746.482097845783,4746.482097845783,4748.902577423667,4748.902577423667,4801.700808602851,4868.195205983261,4868.195205983261,175.27147926054568,0.04700728080706947,False,False,True
46,4823.274422550513,4823.274422550513,4851.333538457807,4851.333538457807,4884.190375835911,4884.190375835911,4884.306877801205,4884.306877801205,4884.306877801205,4886.502012828965,4886.502012828965,4886.502012828965,4925.837750317652,4925.837750317652,102.56332776713862,0.33891046788264323,False,False,True
47,4868.100012349428,4868.100012349428,4898.952093461306,4898.952093461306,4920.543239482299,4920.543239482299,4920.625896877985,4920.625896877985,4920.625896877985,4922.174972787457,4922.174972787457,4925.837750317652,4977.366140255088,4977.366140255088,109.26612790566014,0.5610905584659112,False,False,True
48,4956.193319858535,4956.193319858535,4986.996189763784,4986.996189763784,5001.011579073415,5001.011579073415,5001.098416743634,5001.098416743634,5001.098416743634,5003.41400102895,5003.41400102895,5003.41400102895,5078.734750460391,5078.734750460391,122.54143060185652,0.4918881024885018,False,False,True
49,5051.1401756163505,5051.1401756163505,5081.155405717118,5081.155405717118,5107.359316540852,5107.359316540852,5107.453242020277,5107.453242020277,5107.453242020277,5109.153823832083,5109.153823832083,5109.153823832083,5200.480465425132,5200.480465425132,149.34028980878156,0.4339726163098955,False,False,True
50,5075.666807557299,5081.155405717118,5113.340096565849,5113.340096565849,5145.4689709740915,5145.4689709740915,5145.542053555622,5145.542053555622,5145.542053555622,5147.426862174037,5147.426862174037,5200.480465425132,5236.690715741563,5236.690715741563,161.02390818426375,0.6441894722399937,False,False,True
51,5494.803663485646,5494.803663485646,5530.756894859578,5530.756894859578,5558.977356597653,5558.977356597653,5559.060971440458,5559.060971440458,5559.060971440458,5561.136031502334,5561.136031502334,5561.136031502334,5592.937165725249,5592.937165725249,98.13350223960242,0.36856396729652646,False,False,True
52,5673.873108742223,5673.873108742223,5708.62087941943,5708.62087941943,5726.306191751514,5726.306191751514,5726.396667334044,5726.396667334044,5726.396667334044,5728.995367580979,5728.995367580979,5728.995367580979,5817.059845211556,5817.059845211556,143.18673646933348,0.1742525036910404,False,False,True
53,6010.4844390572125,6010.4844390572125,6033.059949214963,6033.059949214963,6058.766276519249,6058.766276519249,6058.883764302864,6058.883764302864,6058.883764302864,6061.816739869665,6061.816739869665,6061.816739869665,6127.660952530228,6127.660952530228,117.1765134730158,0.42922109342244125,False,False,True
54,6280.742678761316,6280.742678761316,6297.973073086806,6297.973073086806,6327.975917121762,6327.975917121762,6328.081168348342,6328.081168348342,6328.081168348342,6330.2631852660825,6330.2631852660825,6330.2631852660825,6377.238794287937,6377.238794287937,96.496115526621,0.7965810542435772,True,False,True
55,6390.069208247309,6390.069208247309,6424.740807803505,6424.740807803505,6447.174273681225,6447.174273681225,6447.278145479452,6447.278145479452,6447.278145479452,6449.223186493836,6449.223186493836,6449.223186493836,6517.242622785672,6517.242622785672,127.17341453836343,0.3753238262772786,False,False,True
56,6696.001453759637,6696.001453759637,6719.16706026756,6719.16706026756,6740.8880159005075,6740.8880159005075,6741.005033859751,6741.005033859751,6741.005033859751,6743.165385554295,6743.165385554295,6743.165385554295,6763.629169469043,6763.629169469043,67.62771570940549,0.3316263145701582,False,False,True
57,6707.120108834011,6719.16706026756,6748.043233258097,6748.043233258097,6769.948930838499,6769.948930838499,6770.046183402731,6770.046183402731,6770.046183402731,6772.312480030493,6772.312480030493,6772.312480030493,6832.36311262945,6832.36311262945,125.24300379543911,0.784888585322904,True,False,True
58,6733.296272189763,6748.043233258097,6772.1926681278,6772.1926681278,6795.995496087824,6795.995496087824,6796.103305384822,6796.103305384822,6796.103305384822,6798.0071050971555,6798.0071050971555,6832.36311262945,6897.280430222097,6897.280430222097,163.98415803233365,0.46229498401148245,False,False,True
59,6738.850108072183,6772.1926681278,6793.1827659399,6795.995496087824,6814.016359321502,6814.016359321502,6814.1142948864435,6814.1142948864435,6814.1142948864435,6816.652858293217,6816.652858293217,6897.280430222097,6971.144482315164,6971.144482315164,232.29437424298158,0.5549169866681938,False,False,True
60,6786.073958488553,6793.1827659399,6825.890079580923,6825.890079580923,6852.039205364119,6852.039205364119,6852.144512611107,6852.144512611107,6852.144512611107,6854.213533838864,6854.213533838864,6971.144482315164,7015.936043030776,7015.936043030776,229.86208454222287,0.5293083182653328,False,False,True
61,6845.12959350386,6845.12959350386,6878.925369305373,6878.925369305373,6905.372798131305,6905.372798131305,6905.461142958153,6905.461142958153,6905.461142958153,6907.61046588488,6907.61046588488,7015.936043030776,7077.221350451827,7077.221350451827,232.09175694796704,0.2804046637413857,False,False,True
62,6883.1168466889185,6883.1168466889185,6910.234294685285,6910.234294685285,6936.8246309543265,6936.8246309543265,6936.875854611161,6936.875854611161,6936.875854611161,6939.075631886778,6939.075631886778,7077.221350451827,7123.339981060933,7123.339981060933,240.2231343720141,0.09570612324136307,False,False,True
63,7094.86379051783,7094.86379051783,7111.908579057105,7111.908579057105,7136.638418120132,7136.638418120132,7136.7357325368885,7136.7357325368885,7136.7357325368885,7138.862208520073,7138.862208520073,7138.862208520073,7202.692964855188,7202.692964855188,107.82917433735747,0.5382187512800407,False,False,True
64,7147.811030461415,7147.811030461415,7175.079808220153,7175.079808220153,7208.914228873259,7208.914228873259,7209.042683835981,7209.042683835981,7209.042683835981,7211.294365986122,7211.294365986122,7211.294365986122,7257.864171150677,7257.864171150677,110.05314068926236,0.34672755175925574,False,False,True
65,7187.387371277525,7187.387371277525,7219.346391304538,7219.346391304538,7251.470707613927,7251.470707613927,7251.589231921971,7251.589231921971,7251.589231921971,7253.404055966007,7253.404055966007,7257.864171150677,7311.742658563274,7311.742658563274,124.355287285749,0.05662557112670354,False,False,True
66,7281.276221262455,7281.276221262455,7303.881663418584,7303.881663418584,7344.419045270696,7344.419045270696,7344.538353220388,7344.538353220388,7344.538353220388,7346.370862694204,7346.370862694204,7346.370862694204,7391.433631772351,7391.433631772351,110.15741050989618,0.26918733882073076,False,False,True
67,7299.50399900093,7303.881663418584,7334.79846301748,7344.419045270696,7370.58535108016,7370.58535108016,7370.710073694596,7370.710073694596,7370.710073694596,7372.380027424704,7372.380027424704,7391.433631772351,7461.200675399706,7461.200675399706,161.6966763987757,0.7336617759602561,True,False,True
68,7493.962030493898,7493.962030493898,7523.885481248033,7523.885481248033,7546.766483491169,7546.766483491169,7546.868256642989,7546.868256642989,7546.868256642989,7549.000107012175,7549.000107012175,7549.000107012175,7621.876873762025,7621.876873762025,127.91484326812679,0.514667873629819,False,False,True
69,7503.259134751255,7523.885481248033,7556.781938746039,7556.781938746039,7582.792704603657,7582.792704603657,7582.896650917804,7582.896650917804,7582.896650917804,7585.130331868858,7585.130331868858,7621.876873762025,7678.357565212664,7678.357565212664,175.0984304614085,0.10071511518319379,False,False,True
70,8023.356695501734,8023.356695501734,8053.954597343804,8053.954597343804,8086.860182557452,8086.860182557452,8086.947829519544,8086.947829519544,8086.947829519544,8089.085161379389,8089.085161379389,8089.085161379389,8149.65873130379,8149.65873130379,126.3020358020558,0.22763200396882144,False,False,True
71,8200.894748650715,8200.894748650715,8226.029403946308,8226.029403946308,8258.932094350346,8258.932094350346,8259.025772893227,8259.025772893227,8259.025772893227,8261.52812062323,8261.52812062323,8261.52812062323,8299.799249403728,8299.799249403728,98.90450075301305,0.6239995129624337,False,False,True
72,8227.479481511422,8227.479481511422,8263.462339019745,8263.462339019745,8287.753927857799,8287.753927857799,8287.866243280794,8287.866243280794,8287.866243280794,8289.864564475145,8289.864564475145,8299.799249403728,8355.304099683626,8355.304099683626,127.82461817220428,0.09777146859718129,False,False,True
73,8228.143971956533,8263.462339019745,8292.66969115461,8292.66969115461,8325.451658433976,8325.451658433976,8325.575736122719,8325.575736122719,8325.575736122719,8327.776358619396,8327.776358619396,8355.304099683626,8414.551030428,8414.551030428,186.40705847146637,0.4313326769808323,False,False,True
74,8430.931585254868,8430.931585254868,8460.795062557318,8460.795062557318,8485.657854183524,8485.657854183524,8485.75506525801,8485.75506525801,8485.75506525801,8487.427554995169,8487.427554995169,8487.427554995169,8586.739451360618,8586.739451360618,155.80786610574978,0.1731370893845075,False,False,True
75,8578.183094141314,8578.183094141314,8603.516754345948,8603.516754345948,8633.560474504975,8633.560474504975,8633.651470719678,8633.651470719678,8633.651470719678,8635.535340808936,8635.535340808936,8635.535340808936,8678.855835422324,8678.855835422324,100.67274128101053,0.15639309702707688,False,False,True
76,8734.862643195873,8734.862643195873,8762.646231939916,8762.646231939916,8790.926633349125,8790.926633349125,8791.026643908303,8791.026643908303,8791.026643908303,8793.235305235572,8793.235305235572,8793.235305235572,8875.197963816858,8875.197963816858,140.33532062098493,0.4437657200532655,False,False,True
77,8911.888386321094,8911.888386321094,8937.46437275096,8937.46437275096,8960.113823856696,8960.113823856696,8960.225847991675,8960.225847991675,8960.225847991675,8962.480578624898,8962.480578624898,8962.480578624898,9037.433460226885,9037.433460226885,125.54507390579056,0.44045823632035913,False,False,True
78,8921.11989818275,8937.46437275096,8966.599642451341,8966.599642451341,8986.065181344351,8986.065181344351,8986.136304248028,8986.136304248028,8986.136304248028,8988.048114163728,8988.048114163728,9037.433460226885,9101.643006294236,9101.643006294236,180.5231081114871,0.0562887708929599,False,False,True
79,8974.387018872698,8974.387018872698,9012.94556127341,9012.94556127341,9045.248512398362,9045.248512398362,9045.3025887793,9045.3025887793,9045.3025887793,9047.281109003741,9047.281109003741,9101.643006294236,9188.022313557163,9188.022313557163,213.6352946844654,0.19950231958659137,False,False,True
80,8989.165031425231,9012.94556127341,9036.086055558751,9045.248512398362,9079.376408709897,9079.376408709897,9079.465397972906,9079.465397972906,9079.465397972906,9081.010035848902,9081.010035848902,9188.022313557163,9253.603895646265,9253.603895646265,264.43886422103424,0.15283451935866418,False,False,True
81,9227.788580024218,9227.788580024218,9249.720773034835,9249.720773034835,9277.143153576853,9277.143153576853,9277.218739328335,9277.218739328335,9277.218739328335,9279.111630568093,9279.111630568093,9279.111630568093,9344.949018503112,9344.949018503112,117.16043847889341,0.023990980941982296,False,False,True
82,9344.944723029703,9344.944723029703,9382.300574667172,9382.300574667172,9407.155401028826,9407.155401028826,9407.245238224872,9407.245238224872,9407.245238224872,9409.512353173928,9409.512353173928,9409.512353173928,9468.715543378665,9468.715543378665,123.77082034896193,0.3356963915994198,False,False,True
83,9393.162979179859,9393.162979179859,9422.1163607941,9422.1163607941,9440.042122047142,9440.042122047142,9440.139166440766,9440.139166440766,9440.139166440766,9442.311727945598,9442.311727945598,9468.715543378665,9547.069076614944,9547.069076614944,153.90609743508503,0.48169990321897227,False,False,True
84,9401.043147076432,9422.1163607941,9448.7709971008,9448.7709971008,9480.89707343157,9480.89707343157,9480.98800846339,9480.98800846339,9480.98800846339,9483.138208179804,9483.138208179804,9547.069076614944,9623.516115122107,9623.516115122107,222.47296804567486,0.297332334197166,False,False,True
85,9445.741749125675,9448.7709971008,9483.970520537781,9483.970520537781,9510.670247767059,9510.670247767059,9510.799297117748,9510.799297117748,9510.799297117748,9512.814229223903,9512.814229223903,9623.516115122107,9674.130955809664,9674.130955809664,228.38920668398896,0.5160272128298552,False,False,True
86,9492.93945470777,9492.93945470777,9519.911377009086,9519.911377009086,9543.357947166862,9543.357947166862,9543.464482062154,9543.464482062154,9543.464482062154,9545.466601009743,9545.466601009743,9674.130955809664,9714.342247890681,9714.342247890681,221.4027931829114,0.5584794172696836,False,False,True
87,9649.884548782698,9649.884548782698,9689.014597350433,9689.014597350433,9719.242381135176,9719.242381135176,9719.348390622368,9719.348390622368,9719.348390622368,9721.150294280525,9721.150294280525,9721.150294280525,9778.105584719591,9778.105584719591,128.2210359368928,0.4048065974909759,False,False,True
88,9771.67127185382,9771.67127185382,9805.060901210516,9805.060901210516,9821.985023129035,9821.985023129035,9822.097467271915,9822.097467271915,9822.097467271915,9824.307115797976,9824.307115797976,9824.307115797976,9872.306537332011,9872.306537332011,100.63526547819129,0.1462829061284822,False,False,True
89,10033.541501342002,10033.541501342002,10061.101944301274,10061.101944301274,10093.53348653049,10093.53348653049,10093.610709868135,10093.610709868135,10093.610709868135,10095.737001751451,10095.737001751451,10095.737001751451,10154.784133132222,10154.784133132222,121.2426317902191,0.4354869649520243,False,False,True
90,10110.22943734716,10110.22943734716,10151.015978413487,10151.015978413487,10182.188074077665,10182.188074077665,10182.308856313413,10182.308856313413,10182.308856313413,10184.456461967811,10184.456461967811,10184.456461967811,10263.018033988074,10263.018033988074,152.78859664091397,0.19457125910489603,False,False,True
91,10125.51412458102,10151.015978413487,10177.98740379847,10182.188074077665,10199.287580996734,10199.287580996734,10199.386065711004,10199.386065711004,10199.386065711004,10201.228255258204,10201.228255258204,10263.018033988074,10316.15850916177,10316.15850916177,190.64438458075165,0.39413319810637726,False,False,True
92,10275.409285899012,10275.409285899012,10309.119762759057,10309.119762759057,10338.46142628243,10338.46142628243,10338.574835894775,10338.574835894775,10338.574835894775,10339.928833018814,10339.928833018814,10339.928833018814,10399.28648229914,10399.28648229914,123.87719640012801,0.5989025332656729,False,False,True
93,10447.056416268235,10447.056416268235,10478.552879170267,10478.552879170267,10507.557643860104,10507.557643860104,10507.636206715442,10507.636206715442,10507.636206715442,10509.965352528969,10509.965352528969,10509.965352528969,10570.835693551095,10570.835693551095,123.77927728285977,0.3090036787845195,False,False,True
94,10545.922915654535,10545.922915654535,10582.431622101529,10582.431622101529,10609.067808862708,10609.067808862708,10609.136733687388,10609.136733687388,10609.136733687388,10610.993082450586,10610.993082450586,10610.993082450586,10683.719545683665,10683.719545683665,137.79663002913003,0.18247516304819156,False,False,True
95,10722.789711661098,10722.789711661098,10760.597267644733,10760.597267644733,10789.49955837706,10789.49955837706,10789.61591617022,10789.61591617022,10789.61591617022,10791.357083441007,10791.357083441007,10791.357083441007,10817.653743431238,10817.653743431238,94.86403177013926,0.4399243258115991,False,False,True
96,10804.487479442332,10804.487479442332,10834.64750018766,10834.64750018766,10849.418228862867,10849.418228862867,10849.525757053389,10849.525757053389,10849.525757053389,10851.733800726963,10851.733800726963,10851.733800726963,10902.633296305483,10902.633296305483,98.14581686315069,0.2752217813415868,False,False,True
97,10893.248940095604,10893.248940095604,10919.481850743872,10919.481850743872,10930.819903498674,10930.819903498674,10930.901862467586,10930.901862467586,10930.901862467586,10932.78425867561,10932.78425867561,10932.78425867561,10995.953514059802,10995.953514059802,102.70457396419806,0.3728680889239188,False,False,True
98,10960.186643364616,10960.186643364616,10992.486504079312,10992.486504079312,11019.004124964902,11019.004124964902,11019.086731703277,11019.086731703277,11019.086731703277,11021.40471261849,11021.40471261849,11021.40471261849,11099.405896964894,11099.405896964894,139.21925360027853,0.044786732419935596,False,False,True
99,10963.27637624343,10992.486504079312,11019.097927230552,11019.097927230552,11043.717250846887,11043.717250846887,11043.839759542574,11043.839759542574,11043.839759542574,11046.024861327447,11046.024861327447,11099.405896964894,11152.027360252301,11152.027360252301,188.75098400887146,0.16082761218028216,False,False,True
100,10976.976468466453,11019.097927230552,11059.164863468186,11059.164863468186,11082.833698045415,11082.833698045415,11082.909909807559,11082.909909807559,11082.909909807559,11085.114980604518,11085.114980604518,11152.027360252301,11183.879069661672,11183.879069661672,206.90260119521918,0.6316090292785494,False,False,True
101,10980.80851022162,11059.164863468186,11089.8475401236,11089.8475401236,11117.377646933186,11117.377646933186,11117.51050039225,11117.51050039225,11117.51050039225,11119.10071367889,11119.10071367889,11183.879069661672,11253.174741351164,11253.174741351164,272.36623112954476,0.3461195481671954,False,False,True
102,11102.216056332925,11102.216056332925,11130.389448576365,11130.389448576365,11156.565298779553,11156.565298779553,11156.64728636486,11156.64728636486,11156.64728636486,11159.010869560476,11159.010869560476,11253.174741351164,11303.64430551878,11303.64430551878,201.42824918585393,0.6522612207562595,False,False,True
103,11147.503661388337,11147.503661388337,11178.42706291766,11178.42706291766,11228.160915945607,11228.160915945607,11228.27368378412,11228.27368378412,11228.27368378412,11230.35205894349,11230.35205894349,11303.64430551878,11345.799305632423,11345.799305632423,198.29564424408636,0.30523732680483506,False,False,True
104,11232.75612264444,11232.75612264444,11256.02049119679,11256.02049119679,11277.85995860086,11277.85995860086,11277.953386231346,11277.953386231346,11277.953386231346,11279.842603089572,11279.842603089572,11345.799305632423,11396.434124786725,11396.434124786725,163.67800214228555,0.783027610273521,True,False,True
105,11518.507986225957,11518.507986225957,11543.649916033404,11543.649916033404,11570.853639913812,11570.853639913812,11570.965703662434,11570.965703662434,11570.965703662434,11573.008720202637,11573.008720202637,11573.008720202637,11630.2408398378,11630.2408398378,111.73285361184207,0.10150551389257123,False,False,True
106,11552.916644983952,11552.916644983952,11588.918714523674,11588.918714523674,11624.947816584445,11624.947816584445,11625.036934304402,11625.036934304402,11625.036934304402,11626.504063734532,11626.504063734532,11630.2408398378,11681.169669869727,11681.169669869727,128.25302488577472,0.3416516792651078,False,False,True
107,11616.310481969873,11616.310481969873,11643.026010575017,11643.026010575017,11667.90949293969,11667.90949293969,11668.006237081569,11668.006237081569,11668.006237081569,11670.128832925013,11670.128832925013,11681.169669869727,11708.08617901324,11708.08617901324,91.77569704336747,0.4466170432586253,False,False,True
108,11785.360379674503,11785.360379674503,11810.125824761093,11810.125824761093,11833.306746064087,11833.306746064087,11833.407564447594,11833.407564447594,11833.407564447594,11835.09875299514,11835.09875299514,11835.09875299514,11908.554745948446,11908.554745948446,123.19436627394316,0.6892160980686141,False,False,True
109,11816.53699850459,11816.53699850459,11849.220262267227,11849.220262267227,11867.898167752348,11867.898167752348,11867.978124003232,11867.978124003232,11867.978124003232,11869.572322917478,11869.572322917478,11908.554745948446,11987.677871567626,11987.677871567626,171.14087306303554,0.24884314743159394,False,False,True
110,11826.149511930613,11849.220262267227,11885.148783040542,11885.148783040542,11926.943811062909,11926.943811062909,11927.058627549817,11927.058627549817,11927.058627549817,11928.601919793951,11928.601919793951,11987.677871567626,12057.45070143772,12057.45070143772,231.30118950710676,0.14761308878010698,False,False,True
111,11867.20634839706,11885.148783040542,11918.743549593868,11926.943811062909,11962.2074912984,11962.2074912984,11962.297227027071,11962.297227027071,11962.297227027071,11964.631033539568,11964.631033539568,12057.45070143772,12100.385416381347,12100.385416381347,233.17906798428703,0.1338443482167703,False,False,True
112,11888.303351417067,11918.743549593868,11953.723788022897,11962.2074912984,12005.217331480248,12005.217331480248,12005.312759481942,12005.312759481942,12005.312759481942,12007.123980463834,12007.123980463834,12100.385416381347,12157.363043372134,12157.363043372134,269.0596919550662,0.10386295368154151,False,False,True
113,12206.897361722742,12206.897361722742,12233.113386279894,12233.113386279894,12258.533699258573,12258.533699258573,12258.61381227108,12258.61381227108,12258.61381227108,12261.073930584054,12261.073930584054,12261.073930584054,12320.976110855612,12320.976110855612,114.07874913287014,0.10231107797462927,False,False,True
114,12405.00381138089,12405.00381138089,12427.89475804718,12427.89475804718,12459.866027862829,12459.866027862829,12459.914781189653,12459.914781189653,12459.914781189653,12461.754040750737,12461.754040750737,12461.754040750737,12530.735956594166,12530.735956594166,125.73214521327645,0.4926313160526201,False,False,True
115,12525.423114243353,12525.423114243353,12562.92978250313,12562.92978250313,12582.365663697987,12582.365663697987,12582.461843142735,12582.461843142735,12582.461843142735,12583.949635755458,12583.949635755458,12583.949635755458,12653.97474308623,12653.97474308623,128.5516288428771,0.13672155476914674,True,True,True
116,12771.60548190585,12771.60548190585,12799.992082711638,12799.992082711638,12826.422296608047,12826.422296608047,12826.57054891648,12826.57054891648,12826.57054891648,12828.235591584495,12828.235591584495,12828.235591584495,12877.222984602817,12877.222984602817,105.61750269696677,0.2240804833070482,False,False,True
117,12966.961754794716,12966.961754794716,12995.707589712441,12995.707589712441,13026.558775491136,13026.558775491136,13026.674467576893,13026.674467576893,13026.674467576893,13029.045211062896,13029.045211062896,13029.045211062896,13090.275144409099,13090.275144409099,123.31338961438269,0.329505183336166,False,False,True
118,12991.741211957753,12995.707589712441,13032.348560421688,13032.348560421688,13060.355125441327,13060.355125441327,13060.454740233732,13060.454740233732,13060.454740233732,13062.40797078035,13062.40797078035,13090.275144409099,13157.134350478327,13157.134350478327,165.3931385205742,0.4777080928008071,False,False,True
119,13259.43882058602,13259.43882058602,13292.219970633023,13292.219970633023,13302.219970633023,13302.219970633023,13302.314712816438,13302.314712816438,13302.314712816438,13304.150226627491,13304.150226627491,13304.150226627491,13385.987561459693,13385.987561459693,126.54874087367352,0.2761726441813647,False,False,True
120,13352.45080882196,13352.45080882196,13384.73024768237,13384.73024768237,13413.797499599556,13413.797499599556,13413.897948917413,13413.897948917413,13413.897948917413,13415.945954385168,13415.945954385168,13415.945954385168,13486.513552482538,13486.513552482538,134.06274366057733,0.13590849972825708,False,False,True
121,13550.13260377839,13550.13260377839,13590.957615502895,13590.957615502895,13619.024831100045,13619.024831100045,13619.135773482349,13619.135773482349,13619.135773482349,13621.286308303199,13621.286308303199,13621.286308303199,13693.12215861383,13693.12215861383,142.9895548354416,0.3109548708334729,True,True,True
122,13821.841721692737,13821.841721692737,13848.624130540837,13848.624130540837,13881.866081811815,13881.866081811815,13881.942465555509,13881.942465555509,13881.942465555509,13884.277685200279,13884.277685200279,13884.277685200279,13945.53508461922,13945.53508461922,123.69336292648222,0.1923291093040586,False,False,True
123,13867.769407662936,13867.769407662936,13902.408608303342,13902.408608303342,13937.082277851274,13937.082277851274,13937.204564285168,13937.204564285168,13937.204564285168,13939.639114054136,13939.639114054136,13945.53508461922,14026.691971797272,14026.691971797272,158.92256413433643,0.3766210683060306,False,False,True
124,13881.760466877799,13902.408608303342,13932.693673927826,13937.082277851274,13969.971764572778,13969.971764572778,13970.086072199087,13970.086072199087,13970.086072199087,13971.97814160535,13971.97814160535,14026.691971797272,14092.838413736665,14092.838413736665,211.0779468588662,0.5096680515615617,False,False,True
125,13912.802876414524,13932.693673927826,13964.036635322143,13969.971764572778,13995.424366406187,13995.424366406187,13995.538730120701,13995.538730120701,13995.538730120701,13997.140915814876,13997.140915814876,14092.838413736665,14139.92209508406,14139.92209508406,227.11921866953708,0.390348391806604,False,False,True
126,13979.649799544357,13979.649799544357,14017.29214167642,14017.29214167642,14032.680346805037,14032.680346805037,14032.789116319813,14032.789116319813,14032.789116319813,14034.665076771476,14034.665076771476,14139.92209508406,14220.972644635938,14220.972644635938,241.32284509158126,0.3941768301514831,False,False,True
127,14184.10936674103,14184.10936674103,14216.648545522477,14216.648545522477,14254.674201827464,14254.674201827464,14254.774594160617,14254.774594160617,14254.774594160617,14256.852678312593,14256.852678312593,14256.852678312593,14327.321227400678,14327.321227400678,143.21186065964866,0.2835938119250274,False,False,True
128,14420.67076336661,14420.67076336661,14453.362243761858,14453.362243761858,14477.306928887263,14477.306928887263,14477.420386111982,14477.420386111982,14477.420386111982,14479.13125843412,14479.13125843412,14479.13125843412,14532.485598117191,14532.485598117191,111.81483475058121,0.6322401309809202,False,False,True
129,14421.507932468408,14453.362243761858,14488.724780448407,14488.724780448407,14513.986395126642,14513.986395126642,14514.098231409316,14514.098231409316,14514.098231409316,14515.811086134847,14515.811086134847,14532.485598117191,14585.293203606203,14585.293203606203,163.78527113779455,0.04837507310342369,False,False,True
130,14507.293071589034,14507.293071589034,14535.46830794132,14535.46830794132,14570.638614183905,14570.638614183905,14570.731533369686,14570.731533369686,14570.731533369686,14572.834669734151,14572.834669734151,14585.293203606203,14649.741836783314,14649.741836783314,142.44876519427999,0.086326383636977,False,False,True
131,14572.125870099275,14572.125870099275,14597.92982176258,14597.92982176258,14618.474998248392,14618.474998248392,14618.563526212934,14618.563526212934,14618.563526212934,14620.548930507463,14620.548930507463,14649.741836783314,14716.689608712328,14716.689608712328,144.56373861305292,0.24143443931207886,False,False,True
132,14602.265950692374,14602.265950692374,14627.04190472227,14627.04190472227,14659.045956307842,14659.045956307842,14659.147993433748,14659.147993433748,14659.147993433748,14661.157832532372,14661.157832532372,14716.689608712328,14779.648992696795,14779.648992696795,177.38304200442144,0.6885841236549519,False,False,True
133,14617.587597677852,14627.04190472227,14647.21012177539,14659.045956307842,14679.891430428599,14679.891430428599,14680.022410831629,14680.022410831629,14680.022410831629,14681.79486223122,14681.79486223122,14779.648992696795,14844.318622798439,14844.318622798439,226.73102512058722,0.2206771594861352,False,False,True
134,14667.016627261344,14667.016627261344,14707.297662911045,14707.297662911045,14730.976495148998,14730.976495148998,14731.051713007484,14731.051713007484,14731.051713007484,14732.982592793222,14732.982592793222,14844.318622798439,14929.817983417084,14929.817983417084,262.80135615574,0.5110708641112943,False,False,True
135,15010.591161984283,15010.591161984283,15035.075120155674,15035.075120155674,15047.667991797058,15047.667991797058,15047.738641291742,15047.738641291742,15047.738641291742,15049.461371348461,15049.461371348461,15049.461371348461,15125.534518631985,15125.534518631985,114.94335664770188,0.3661211105291009,False,False,True
136,15057.43721833006,15057.43721833006,15086.330950212132,15086.330950212132,15105.964954473602,15105.964954473602,15106.068249690426,15106.068249690426,15106.068249690426,15108.335309213764,15108.335309213764,15125.534518631985,15188.39405250096,15188.39405250096,130.95683417090004,0.4256686264671741,False,False,True
137,15145.211555021278,15145.211555021278,15173.827488521834,15173.827488521834,15218.817904851277,15218.817904851277,15218.918922605315,15218.918922605315,15218.918922605315,15221.229497405731,15221.229497405731,15221.229497405731,15295.349156117243,15295.349156117243,150.13760109596478,0.31798013695936733,False,False,True
138,15290.901992246982,15290.901992246982,15322.439025736026,15322.439025736026,15343.973845174982,15343.973845174982,15344.077312008269,15344.077312008269,15344.077312008269,15345.523455649598,15345.523455649598,15345.523455649598,15390.035597096685,15390.035597096685,99.13360484970326,0.07545337550994859,False,False,True
139,15345.138932123016,15345.138932123016,15379.217618185712,15379.217618185712,15392.966583367837,15392.966583367837,15393.071462431795,15393.071462431795,15393.071462431795,15394.792609173737,15394.792609173737,15394.792609173737,15460.761514922939,15460.761514922939,115.62258279992238,0.661760493360497,False,False,True
140,15773.27470871802,15773.27470871802,15807.577076159818,15807.577076159818,15833.267232634702,15833.267232634702,15833.36276858961,15833.36276858961,15833.36276858961,15834.913809813082,15834.913809813082,15834.913809813082,15922.05340505908,15922.05340505908,148.7786963410599,0.13041899801429316,False,False,True
141,16167.115892462987,16167.115892462987,16194.200505270142,16194.200505270142,16220.479685039569,16220.479685039569,16220.60948230834,16220.60948230834,16220.60948230834,16222.414475128018,16222.414475128018,16222.414475128018,16279.143786697132,16279.143786697132,112.0278942341447,0.22297327056551744,False,False,True
142,16201.923247862052,16201.923247862052,16231.08763929312,16231.08763929312,16251.575823302688,16251.575823302688,16251.643805223119,16251.643805223119,16251.643805223119,16253.618773832182,16253.618773832182,16279.143786697132,16326.429277767846,16326.429277767846,124.50602990579318,0.6252309081786447,False,False,True
143,16284.442361277714,16284.442361277714,16315.855261030156,16315.855261030156,16347.311303861747,16347.311303861747,16347.394733921252,16347.394733921252,16347.394733921252,16348.959840355343,16348.959840355343,16348.959840355343,16399.17850702645,16399.17850702645,114.736145748735,0.1318750458927206,False,False,True
144,16327.3940164872,16327.3940164872,16356.150560856282,16356.150560856282,16381.278430748314,16381.278430748314,16381.376365653112,16381.376365653112,16381.376365653112,16383.099807709174,16383.099807709174,16399.17850702645,16442.83401146631,16442.83401146631,115.43999497911136,0.3685715565129792,False,False,True
145,16367.62397765293,16367.62397765293,16405.660705533028,16405.660705533028,16426.410264931565,16426.410264931565,16426.47740115534,16426.47740115534,16426.47740115534,16428.176213943716,16428.176213943716,16442.83401146631,16491.062582844395,16491.062582844395,123.4386051914662,0.2834775114647675,False,False,True
146,16372.134114984792,16405.660705533028,16438.115580291218,16438.115580291218,16454.03329393554,16454.03329393554,16454.12977684745,16454.12977684745,16454.12977684745,16456.19195704627,16456.19195704627,16491.062582844395,16545.504961365546,16545.504961365546,173.3708463807543,0.3999322026888084,False,False,True
147,16484.993163502702,16484.993163502702,16518.66755243295,16518.66755243295,16545.27031233902,16545.27031233902,16545.403541742337,16545.403541742337,16545.403541742337,16547.424345043448,16547.424345043448,16547.424345043448,16586.34083975577,16586.34083975577,101.34767625306631,0.36318450702022964,False,False,True
148,16568.815519442258,16568.815519442258,16602.129925785594,16602.129925785594,16630.182275924974,16630.182275924974,16630.28269365474,16630.28269365474,16630.28269365474,16632.06617238874,16632.06617238874,16632.06617238874,16692.30044739798,16692.30044739798,123.48492795572383,0.4794000500177186,False,False,True
149,16575.157649927904,16602.129925785594,16637.99729507302,16637.99729507302,16660.09892876292,16660.09892876292,16660.203542781033,16660.203542781033,16660.203542781033,16662.256589042674,16662.256589042674,16692.30044739798,16765.83460500478,16765.83460500478,190.67695507687677,0.11733613582890845,False,False,True
150,16614.352760449146,16637.99729507302,16668.902402866537,16668.902402866537,16694.783160938452,16694.783160938452,16694.857957643148,16694.857957643148,16694.857957643148,16696.69395361777,16696.69395361777,16765.83460500478,16812.218262302576,16812.218262302576,197.86550185343003,0.29789275532190856,False,False,True
151,16901.016074579868,16901.016074579868,16924.53191484009,16924.53191484009,16959.205238609622,16959.205238609622,16959.29291138146,16959.29291138146,16959.29291138146,16961.211414848363,16961.211414848363,16961.211414848363,17044.00067370299,17044.00067370299,142.9845991231232,0.2592868637085299,False,False,True
152,16933.879340836917,16933.879340836917,16965.87778059568,16965.87778059568,16996.258816490874,16996.258816490874,16996.351312563267,16996.351312563267,16996.351312563267,16998.853348190358,16998.853348190358,17044.00067370299,17111.662555030904,17111.662555030904,177.78321419398708,0.19796251346730473,False,False,True
153,16952.66304415517,16965.87778059568,16992.620996126723,16996.258816490874,17008.347924082896,17008.347924082896,17008.44156978096,17008.44156978096,17008.44156978096,17010.843708096498,17010.843708096498,17111.662555030904,17187.121263815265,17187.121263815265,234.45821966009316,0.713018190035522,True,False,True
154,17033.33569729201,17033.33569729201,17060.69261388326,17060.69261388326,17081.377693967806,17081.377693967806,17081.503326843707,17081.503326843707,17081.503326843707,17083.11345247263,17083.11345247263,17187.121263815265,17237.25374550748,17237.25374550748,203.9180482154734,0.1405680987955428,False,False,True
155,17542.620135205838,17542.620135205838,17575.551955299612,17575.551955299612,17599.764413497058,17599.764413497058,17599.87556731827,17599.87556731827,17599.87556731827,17602.124487043635,17602.124487043635,17602.124487043635,17674.942365449635,17674.942365449635,132.3222302437971,0.04888613465846269,False,False,True
156,17575.877512833005,17575.877512833005,17612.068928190172,17612.068928190172,17637.530039487923,17637.530039487923,17637.607810328784,17637.607810328784,17637.607810328784,17639.85122929513,17639.85122929513,17674.942365449635,17718.563356943705,17718.563356943705,142.6858441106997,0.46430652192571736,False,False,True
157,17709.69611406868,17709.69611406868,17739.80247195236,17739.80247195236,17765.81439998416,17765.81439998416,17765.919330079727,17765.919330079727,17765.919330079727,17767.5748510931,17767.5748510931,17767.5748510931,17840.92856360565,17840.92856360565,131.2324495369685,0.3017294508935753,False,False,True
158,17881.762629217414,17881.762629217414,17913.30679428041,17913.30679428041,17940.958438177826,17940.958438177826,17941.068402612796,17941.068402612796,17941.068402612796,17943.31403590592,17943.31403590592,17943.31403590592,18005.891626002824,18005.891626002824,124.12899678540998,0.5028449084650384,False,False,True
159,17914.32260989771,17914.32260989771,17952.833684620888,17952.833684620888,17977.24215582718,17977.24215582718,17977.364958807953,17977.364958807953,17977.364958807953,17979.82633838348,17979.82633838348,18005.891626002824,18074.190394302594,18074.190394302594,159.86778440488342,0.425166568417747,False,False,True
160,18070.65248131679,18070.65248131679,18101.856247214233,18101.856247214233,18126.969344951904,18126.969344951904,18127.100955765636,18127.100955765636,18127.100955765636,18128.764192323764,18128.764192323764,18128.764192323764,18171.130273239392,18171.130273239392,100.4777919226035,0.29375640559539606,False,False,True
161,18125.675217228505,18125.675217228505,18168.683632799406,18168.683632799406,18199.402452602884,18199.402452602884,18199.482150719046,18199.482150719046,18199.482150719046,18201.20689987274,18201.20689987274,18201.20689987274,18247.780852238593,18247.780852238593,122.10563501008801,0.3631885918308523,True,True,True
162,18245.735666956316,18245.735666956316,18278.563215184473,18278.563215184473,18305.285960175683,18305.285960175683,18305.369743025458,18305.369743025458,18305.369743025458,18307.67504146551,18307.67504146551,18307.67504146551,18376.633464739312,18376.633464739312,130.89779778299635,0.1865906610846456,False,False,True
163,18366.196206212833,18366.196206212833,18387.392392417056,18387.392392417056,18423.68139340779,18423.68139340779,18423.756241850613,18423.756241850613,18423.756241850613,18425.83769044386,18425.83769044386,18425.83769044386,18471.612470380496,18471.612470380496,105.41626416766303,0.3672008851771539,False,False,True
164,18458.282436207115,18458.282436207115,18492.049144312638,18492.049144312638,18506.86656000272,18506.86656000272,18506.961879605537,18506.961879605537,18506.961879605537,18509.127322488108,18509.127322488108,18509.127322488108,18576.075416869593,18576.075416869593,117.79298066247793,0.34416852828383954,False,False,True
165,18469.63793526451,18492.049144312638,18523.954936237053,18523.954936237053,18545.08151966516,18545.08151966516,18545.190846832647,18545.190846832647,18545.190846832647,18547.29302359757,18547.29302359757,18576.075416869593,18615.56834977269,18615.56834977269,145.93041450818055,0.3719573737473481,False,False,True
166,18686.075310574066,18686.075310574066,18722.52407434448,18722.52407434448,18735.767732987937,18735.767732987937,18735.88747967827,18735.88747967827,18735.88747967827,18738.004688454548,18738.004688454548,18738.004688454548,18810.727301644547,18810.727301644547,124.65199107048102,0.1663965186890574,False,False,True
167,18732.492545814155,18732.492545814155,18765.858452570505,18765.858452570505,18795.254348734878,18795.254348734878,18795.352829714404,18795.352829714404,18795.352829714404,18796.95488807591,18796.95488807591,18810.727301644547,18852.23945192302,18852.23945192302,119.74690610886319,0.11814117387582117,False,False,True
168,18757.26439860706,18765.858452570505,18795.166172650584,18795.254348734878,18823.080219757117,18823.080219757117,18823.173822806653,18823.173822806653,18823.173822806653,18825.488018118638,18825.488018118638,18852.23945192302,18920.523950988212,18920.523950988212,163.25955238115057,0.49027177059991617,False,False,True
169,18762.259969782383,18795.166172650584,18819.04468146914,18823.080219757117,18853.15382884392,18853.15382884392,18853.256864003764,18853.256864003764,18853.256864003764,18855.60774100149,18855.60774100149,18920.523950988212,18989.908414992904,18989.908414992904,227.64844521052146,0.25843263955919454,False,False,True
170,18869.513378333733,18869.513378333733,18898.468262047303,18898.468262047303,18917.80515781476,18917.80515781476,18917.888454956726,18917.888454956726,18917.888454956726,18919.819637733504,18919.819637733504,18989.908414992904,19039.45683771646,19039.45683771646,169.94345938272818,0.24081905967926434,False,False,True
171,19005.335586445814,19005.335586445814,19031.082984174765,19031.082984174765,19049.51546493745,19049.51546493745,19049.65725571188,19049.65725571188,19049.65725571188,19051.644212626936,19051.644212626936,19051.644212626936,19120.374611133208,19120.374611133208,115.03902468739398,0.18372801818943266,False,False,True
172,19007.34282015283,19031.082984174765,19058.180366925742,19058.180366925742,19086.34877713222,19086.34877713222,19086.41662391168,19086.41662391168,19086.41662391168,19087.95729166091,19087.95729166091,19120.374611133208,19184.28124508321,19184.28124508321,176.93842493038028,0.2648057789050651,False,False,True
173,19093.45849029877,19093.45849029877,19126.401382320873,19126.401382320873,19154.33353403713,19154.33353403713,19154.437228848707,19154.437228848707,19154.437228848707,19156.59150527551,19156.59150527551,19184.28124508321,19236.19861724032,19236.19861724032,142.74012694154953,0.19648701461622942,False,False,True
174,19124.277387945363,19126.401382320873,19164.75090484263,19164.75090484263,19178.83505727064,19178.83505727064,19178.975529395026,19178.975529395026,19178.975529395026,19181.14714662754,19181.14714662754,19236.19861724032,19281.070296979175,19281.070296979175,156.79290903381116,0.3505602059775833,False,False,True
175,19248.612308931086,19248.612308931086,19280.585666580202,19280.585666580202,19301.426545616785,19301.426545616785,19301.526681613675,19301.526681613675,19301.526681613675,19303.508024308576,19303.508024308576,19303.508024308576,19334.068638933488,19334.068638933488,85.45633000240196,0.2717519785164191,False,False,True
176,19271.604815635783,19280.585666580202,19304.606251270026,19304.606251270026,19339.12013022734,19339.12013022734,19339.21632944664,19339.21632944664,19339.21632944664,19341.553635454602,19341.553635454602,19341.553635454602,19406.798386164097,19406.798386164097,135.193570528314,0.4959990561071256,False,False,True
177,19412.51031894391,19412.51031894391,19444.73333228501,19444.73333228501,19474.41073264845,19474.41073264845,19474.503583739996,19474.503583739996,19474.503583739996,19476.4033605707,19476.4033605707,19476.4033605707,19512.93131900027,19512.93131900027,100.42100005635803,0.4362727449583319,False,False,True
178,19471.185363061642,19471.185363061642,19507.16852049487,19507.16852049487,19530.64899103472,19530.64899103472,19530.745383201083,19530.745383201083,19530.745383201083,19532.91476497885,19532.91476497885,19532.91476497885,19594.34492797047,19594.34492797047,123.15956490882672,0.27027851195037494,False,False,True
179,19802.42662119816,19802.42662119816,19829.37770667656,19829.37770667656,19847.090950992046,19847.090950992046,19847.21840796154,19847.21840796154,19847.21840796154,19848.91250865993,19848.91250865993,19848.91250865993,19904.960785418698,19904.960785418698,102.53416422053851,0.052797649013610816,False,False,True
180,19820.179950810874,19829.37770667656,19858.707620843197,19858.707620843197,19892.840255501975,19892.840255501975,19892.89601826375,19892.89601826375,19892.89601826375,19894.888952618487,19894.888952618487,19904.960785418698,19975.14792705027,19975.14792705027,154.9679762393971,0.3892777547337503,False,False,True
181,19870.235842890295,19870.235842890295,19900.309283863942,19900.309283863942,19933.17113634066,19933.17113634066,19933.301805014686,19933.301805014686,19933.301805014686,19935.249498737314,19935.249498737314,19975.14792705027,20030.617244557925,20030.617244557925,160.3814016676297,0.4902846649069444,False,False,True
182,19884.689157094734,19900.309283863942,19926.38479229853,19933.17113634066,19966.5452392054,19966.5452392054,19966.616760062352,19966.616760062352,19966.616760062352,19968.684352438966,19968.684352438966,20030.617244557925,20085.67552776272,20085.67552776272,200.9863706679862,0.1653673308725866,False,False,True
183,20195.032004752822,20195.032004752822,20228.273406922042,20228.273406922042,20243.172777768716,20243.172777768716,20243.267444722132,20243.267444722132,20243.267444722132,20245.156586643483,20245.156586643483,20245.156586643483,20316.134647207808,20316.134647207808,121.10264245498547,0.1715039165204583,False,False,True
184,20446.83204961214,20446.83204961214,20476.227308869104,20476.227308869104,20496.392088470126,20496.392088470126,20496.48350358172,20496.48350358172,20496.48350358172,20498.444061803017,20498.444061803017,20498.444061803017,20563.469932239277,20563.469932239277,116.6378826271357,0.27958614743029947,False,False,True
185,20482.63133401952,20482.63133401952,20514.728996239053,20514.728996239053,20532.322903007775,20532.322903007775,20532.43467407317,20532.43467407317,20532.43467407317,20534.682488224604,20534.682488224604,20563.469932239277,20628.212271597018,20628.212271597018,145.58093757749884,0.4174342041080223,False,False,True
186,20612.08286270479,20612.08286270479,20637.64540181578,20637.64540181578,20659.090616260863,20659.090616260863,20659.158653773826,20659.158653773826,20659.158653773826,20661.027624502654,20661.027624502654,20661.027624502654,20728.06663834978,20728.06663834978,115.98377564499242,0.13612464585729006,False,False,True
187,20816.020951421495,20816.020951421495,20843.833659919877,20843.833659919877,20863.97603880035,20863.97603880035,20864.08528225367,20864.08528225367,20864.08528225367,20865.603309123446,20865.603309123446,20865.603309123446,20902.56972727534,20902.56972727534,86.54877585384384,0.5123631498206618,False,False,True
188,20913.236834703876,20913.236834703876,20946.848741493013,20946.848741493013,20995.17081324782,20995.17081324782,20995.311299440287,20995.311299440287,20995.311299440287,20997.836174611548,20997.836174611548,20997.836174611548,21069.188004811353,21069.188004811353,155.95117010747708,0.23071733155955046,False,False,True
189,21003.75036392715,21003.75036392715,21031.88619816669,21031.88619816669,21056.924731785555,21056.924731785555,21056.997468305464,21056.997468305464,21056.997468305464,21059.41190452907,21059.41190452907,21069.188004811353,21138.375036721558,21138.375036721558,134.62467279440898,0.21823766371908396,False,False,True
190,21036.975609379697,21036.975609379697,21075.610428635864,21075.610428635864,21109.350687732283,21109.350687732283,21109.454481855635,21109.454481855635,21109.454481855635,21111.066803047102,21111.066803047102,21138.375036721558,21183.12478979291,21183.12478979291,146.1491804132129,0.2945017405601311,False,False,True
191,21048.70274623669,21075.610428635864,21103.61224770779,21109.350687732283,21132.79791135628,21132.79791135628,21132.884671712724,21132.884671712724,21132.884671712724,21135.0915840543,21135.0915840543,21183.12478979291,21239.463582687797,21239.463582687797,190.76083645110702,0.30891971688828834,False,False,True
192,21321.71753326003,21321.71753326003,21352.84095688879,21352.84095688879,21387.43283991182,21387.43283991182,21387.541357655944,21387.541357655944,21387.541357655944,21389.39046522478,21389.39046522478,21389.39046522478,21448.800855910365,21448.800855910365,127.0833226503346,0.5202340161180736,False,False,True
193,21598.53046457784,21598.53046457784,21633.193418737206,21633.193418737206,21662.37514516427,21662.37514516427,21662.47552811982,21662.47552811982,21662.47552811982,21664.55457428442,21664.55457428442,21664.55457428442,21722.53712251839,21722.53712251839,124.00665794055021,0.08009666665061231,False,False,True
194,21718.85085491579,21718.85085491579,21741.759026251122,21741.759026251122,21764.756109312588,21764.756109312588,21764.84327957441,21764.84327957441,21764.84327957441,21766.931546813114,21766.931546813114,21766.931546813114,21831.93944631164,21831.93944631164,113.08859139585184,0.7475129572489438,True,False,True
195,21768.53643609315,21768.53643609315,21789.732392033246,21789.732392033246,21814.08857916922,21814.08857916922,21814.198336614918,21814.198336614918,21814.198336614918,21816.128014274822,21816.128014274822,21831.93944631164,21913.40994803911,21913.40994803911,144.87351194595976,0.11743775095145018,False,False,True
196,21820.084549990544,21820.084549990544,21842.456268417693,21842.456268417693,21870.142569972555,21870.142569972555,21870.27865693475,21870.27865693475,21870.27865693475,21872.043527235077,21872.043527235077,21913.40994803911,21989.636448954203,21989.636448954203,169.55189896365846,0.5048994872410923,False,False,True
197,21975.4204015578,21975.4204015578,22011.733322074935,22011.733322074935,22029.569772036542,22029.569772036542,22029.665953960706,22029.665953960706,22029.665953960706,22031.45879164501,22031.45879164501,22031.45879164501,22071.775503743538,22071.775503743538,96.35510218573836,0.19378157772845264,False,False,True
198,22248.31208345067,22248.31208345067,22275.552792721206,22275.552792721206,22301.410451289787,22301.410451289787,22301.52484644863,22301.52484644863,22301.52484644863,22303.249988873984,22303.249988873984,22303.249988873984,22372.581038728575,22372.581038728575,124.26895527790475,0.0037926386165653327,False,False,True
199,22510.047991778265,22510.047991778265,22552.838988206608,22552.838988206608,22581.66729481525,22581.66729481525,22581.741429356094,22581.741429356094,22581.741429356094,22583.491882693626,22583.491882693626,22583.491882693626,22663.42588248666,22663.42588248666,153.37789070839426,0.3618809122261577,False,False,True
200,22691.675454809974,22691.675454809974,22718.854216816686,22718.854216816686,22746.859283666352,22746.859283666352,22746.940154938817,22746.940154938817,22746.940154938817,22748.920001451803,22748.920001451803,22748.920001451803,22814.72212926214,22814.72212926214,123.04667445216546,0.7307835568711337,True,False,True
201,22814.9527380381,22814.9527380381,22845.875494554086,22845.875494554086,22866.148792042637,22866.148792042637,22866.258240168194,22866.258240168194,22866.258240168194,22868.04351217146,22868.04351217146,22868.04351217146,22944.40821854925,22944.40821854925,129.4554805111511,0.2124825517719084,False,False,True
202,22825.49974518163,22845.875494554086,22883.586044316926,22883.586044316926,22904.86095872742,22904.86095872742,22904.99064104799,22904.99064104799,22904.99064104799,22907.195256667703,22907.195256667703,22944.40821854925,23034.59227523476,23034.59227523476,209.09253005313076,0.35877368239657625,False,False,True
203,22846.65505094364,22883.586044316926,22923.61650875772,22923.61650875772,22936.740709895465,22936.740709895465,22936.84782216244,22936.84782216244,22936.84782216244,22939.29399600904,22939.29399600904,23034.59227523476,23109.947918426366,23109.947918426366,263.29286748272716,0.39437662999760315,False,False,True
204,23121.24271096494,23121.24271096494,23161.550228848122,23161.550228848122,23191.037690384826,23191.037690384826,23191.131429224217,23191.131429224217,23191.131429224217,23192.957413251806,23192.957413251806,23192.957413251806,23256.69704218643,23256.69704218643,135.45433122149188,0.35302011366548264,False,False,True
205,23233.14198460081,23233.14198460081,23269.183815753775,23269.183815753775,23306.628311772274,23306.628311772274,23306.728297600384,23306.728297600384,23306.728297600384,23308.800118950545,23308.800118950545,23308.800118950545,23384.476446061817,23384.476446061817,151.33446146100687,0.1437065596398095,False,False,True
206,23234.25073727413,23269.183815753775,23304.30412838283,23306.628311772274,23326.112004222756,23326.112004222756,23326.186996068078,23326.186996068078,23326.186996068078,23328.336901601167,23328.336901601167,23384.476446061817,23446.64976355827,23446.64976355827,212.39902628413984,0.2861028389908195,False,False,True
207,23247.090365446446,23304.30412838283,23337.26676312884,23337.26676312884,23368.87252093883,23368.87252093883,23368.984611245356,23368.984611245356,23368.984611245356,23371.126211926632,23371.126211926632,23446.64976355827,23507.008309207544,23507.008309207544,259.9179437610983,0.1965501541948839,False,False,True
208,23377.789851921276,23377.789851921276,23411.68165730211,23411.68165730211,23448.431742027435,23448.431742027435,23448.54938868868,23448.54938868868,23448.54938868868,23450.572175269055,23450.572175269055,23507.008309207544,23561.737095671837,23561.737095671837,183.94724375056103,0.42379142728078567,False,False,True
209,23378.39878436749,23411.68165730211,23438.925728720467,23448.431742027435,23470.639879286755,23470.639879286755,23470.7308374801,23470.7308374801,23470.7308374801,23472.953642205608,23472.953642205608,23561.737095671837,23645.18829605432,23645.18829605432,266.7895116868276,0.5231866677871926,False,False,True
210,23399.436682299995,23438.925728720467,23464.834734303357,23470.639879286755,23495.00418916093,23495.00418916093,23495.094788317972,23495.094788317972,23495.094788317972,23497.239463003778,23497.239463003778,23645.18829605432,23692.911866065187,23692.911866065187,293.4751837651929,0.6265118744533861,False,False,True
211,23494.920423836666,23494.920423836666,23524.90355154961,23524.90355154961,23551.42598951858,23551.42598951858,23551.531307083173,23551.531307083173,23551.531307083173,23553.160008356474,23553.160008356474,23692.911866065187,23775.89738193536,23775.89738193536,280.976958098694,0.4958004824364155,False,False,True
212,23636.198258235243,23636.198258235243,23665.347335122617,23665.347335122617,23693.153494153208,23693.153494153208,23693.244759758487,23693.244759758487,23693.244759758487,23695.505506577803,23695.505506577803,23775.89738193536,23843.395343791464,23843.395343791464,207.19708555622128,0.6333894953266997,False,False,True
213,23762.851236091472,23762.851236091472,23790.585095844835,23790.585095844835,23817.43339908186,23817.43339908186,23817.53207642957,23817.53207642957,23817.53207642957,23819.79826368075,23819.79826368075,23843.395343791464,23882.405751169434,23882.405751169434,119.5545150779617,0.37801565268870313,False,False,True
214,23793.325220168434,23793.325220168434,23826.807157405718,23826.807157405718,23849.457266001187,23849.457266001187,23849.59926043697,23849.59926043697,23849.59926043697,23851.370274605717,23851.370274605717,23882.405751169434,23947.920490564306,23947.920490564306,154.59527039587192,0.307612375312503,False,False,True
215,23942.775294836258,23942.775294836258,23977.55182087911,23977.55182087911,24006.281252218247,24006.281252218247,24006.376311704233,24006.376311704233,24006.376311704233,24008.38769305487,24008.38769305487,24008.38769305487,24036.887295440094,24036.887295440094,94.11200060383635,0.3083567892456074,False,False,True
216,23975.274145922594,23977.55182087911,24007.99385531057,24007.99385531057,24030.77619329431,24030.77619329431,24030.86902649127,24030.86902649127,24030.86902649127,24033.07402518911,24033.07402518911,24036.887295440094,24106.26991569256,24106.26991569256,130.99576976996468,0.42378427899231913,False,False,True
217,24022.510334992763,24022.510334992763,24059.897985398038,24059.897985398038,24087.160587761453,24087.160587761453,24087.24763692534,24087.24763692534,24087.24763692534,24089.18484277947,24089.18484277947,24106.26991569256,24179.548387937393,24179.548387937393,157.03805294463018,0.07227049990985152,False,False,True
218,24187.193241192657,24187.193241192657,24211.48479562199,24211.48479562199,24236.30921873988,24236.30921873988,24236.42410257931,24236.42410257931,24236.42410257931,24238.74599599364,24238.74599599364,24238.74599599364,24289.860656658857,24289.860656658857,102.6674154661996,0.32435338748923914,False,False,True
219,24313.046098908988,24313.046098908988,24342.077801612588,24342.077801612588,24356.439606803346,24356.439606803346,24356.53598231988,24356.53598231988,24356.53598231988,24359.245144068267,24359.245144068267,24359.245144068267,24421.0983595076,24421.0983595076,108.05226059861161,0.28943346060407965,False,False,True
220,24540.080828204595,24540.080828204595,24566.49671660158,24566.49671660158,24599.068245605864,24599.068245605864,24599.155258145096,24599.155258145096,24599.155258145096,24600.919462335307,24600.919462335307,24600.919462335307,24690.23182384156,24690.23182384156,150.1509956369664,0.7199680626571328,True,False,True
221,24668.698422784964,24668.698422784964,24689.3657396996,24689.3657396996,24710.79177193534,24710.79177193534,24710.918198015985,24710.918198015985,24710.918198015985,24712.50388463504,24712.50388463504,24712.50388463504,24764.91768407111,24764.91768407111,96.21926128614723,0.21216138546924027,False,False,True
222,24769.503739455435,24769.503739455435,24799.09033602622,24799.09033602622,24832.336964585244,24832.336964585244,24832.465356645334,24832.465356645334,24832.465356645334,24834.556502224015,24834.556502224015,24834.556502224015,24878.672888418165,24878.672888418165,109.1691489627301,0.7144263705136759,True,False,True
223,24781.306586829243,24799.09033602622,24828.481598484304,24832.336964585244,24863.67330543964,24863.67330543964,24863.761296968325,24863.761296968325,24863.761296968325,24865.977765719865,24865.977765719865,24878.672888418165,24960.897839455105,24960.897839455105,179.59125262586167,0.49863098241924114,False,False,True
224,24836.316543694087,24836.316543694087,24873.8837924103,24873.8837924103,24900.223225895075,24900.223225895075,24900.285895096047,24900.285895096047,24900.285895096047,24902.216635183893,24902.216635183893,24960.897839455105,25050.336647313066,25050.336647313066,214.0201036189792,0.18061693601032974,False,False,True
225,24873.295761437148,24873.8837924103,24907.037850833072,24907.037850833072,24935.16458540335,24935.16458540335,24935.284735677145,24935.284735677145,24935.284735677145,24937.72071387614,24937.72071387614,25050.336647313066,25110.392082390783,25110.392082390783,237.09632095363486,0.3288472923328464,False,False,True
226,24906.859785876637,24907.037850833072,24931.916916711427,24935.16458540335,24964.03587891905,24964.03587891905,24964.122186322536,24964.122186322536,24964.122186322536,24965.72060458262,24965.72060458262,25110.392082390783,25185.564027921908,25185.564027921908,278.7042420452708,0.6276481756579907,False,False,True
227,25340.33691461619,25340.33691461619,25379.60737744786,25379.60737744786,25403.423346926018,25403.423346926018,25403.539159438,25403.539159438,25403.539159438,25405.74703502491,25405.74703502491,25405.74703502491,25485.869173757874,25485.869173757874,145.53225914168434,0.671968363226836,False,False,True
228,25400.263414260993,25400.263414260993,25436.36858273862,25436.36858273862,25460.4609430367,25460.4609430367,25460.521540960348,25460.521540960348,25460.521540960348,25462.33978271412,25462.33978271412,25485.869173757874,25534.7319102698,25534.7319102698,134.46849600880523,0.4795089725459131,False,False,True
229,25667.390039610815,25667.390039610815,25700.30052812816,25700.30052812816,25728.861868461845,25728.861868461845,25728.97972040861,25728.97972040861,25728.97972040861,25731.49553378047,25731.49553378047,25731.49553378047,25784.215946249955,25784.215946249955,116.82590663914016,0.32193663176841686,False,False,True
230,25787.070165899193,25787.070165899193,25815.937745404943,25815.937745404943,25825.937745404943,25825.937745404943,25826.013521966357,25826.013521966357,25826.013521966357,25828.61127657231,25828.61127657231,25828.61127657231,25907.074394269628,25907.074394269628,120.00422837043516,0.2105948702696016,False,False,True
231,25977.129196221802,25977.129196221802,26002.332000038186,26002.332000038186,26027.219747499512,26027.219747499512,26027.334362781894,26027.334362781894,26027.334362781894,26029.10436580556,26029.10436580556,26029.10436580556,26114.379579986187,26114.379579986187,137.25038376438533,0.35538327011118004,False,False,True
232,26060.941435148456,26060.941435148456,26089.0804012681,26089.0804012681,26111.749290549567,26111.749290549567,26111.849576010925,26111.849576010925,26111.849576010925,26113.684708870154,26113.684708870154,26114.379579986187,26182.8227928888,26182.8227928888,121.88135774034527,0.4401025923075634,False,False,True
233,26164.160143465448,26164.160143465448,26199.603886563968,26199.603886563968,26219.966620557025,26219.966620557025,26220.047541768636,26220.047541768636,26220.047541768636,26222.30541813473,26222.30541813473,26222.30541813473,26269.108202832198,26269.108202832198,104.94805936675039,0.13783610760341358,False,False,True
234,26245.55535546645,26245.55535546645,26284.978286996124,26284.978286996124,26312.42060071887,26312.42060071887,26312.51245999261,26312.51245999261,26312.51245999261,26314.396320797674,26314.396320797674,26314.396320797674,26404.202237473164,26404.202237473164,158.64688200671299,0.2562323798037766,False,False,True
235,26271.62114290548,26284.978286996124,26322.694504637486,26322.694504637486,26343.934201289947,26343.934201289947,26344.047927659085,26344.047927659085,26344.047927659085,26346.034304293706,26346.034304293706,26404.202237473164,26456.237674005984,26456.237674005984,184.6165311005061,0.5959101525852089,False,False,True
236,26425.432559273373,26425.432559273373,26452.98831216444,26452.98831216444,26483.162672998737,26483.162672998737,26483.2647908878,26483.2647908878,26483.2647908878,26485.272407413962,26485.272407413962,26485.272407413962,26540.24534069639,26540.24534069639,114.81278142301744,0.8556408972064488,True,False,True
237,26464.981843477326,26464.981843477326,26489.383756310883,26489.383756310883,26520.102506583138,26520.102506583138,26520.21419484275,26520.21419484275,26520.21419484275,26521.63829289589,26521.63829289589,26540.24534069639,26605.380408213736,26605.380408213736,140.39856473640975,0.24381352498099454,False,False,True
238,26467.935821207007,26489.383756310883,26520.08818754544,26520.102506583138,26570.03159382481,26570.03159382481,26570.1711226365,26570.1711226365,26570.1711226365,26572.166971312672,26572.166971312672,26605.380408213736,26688.692814524456,26688.692814524456,220.7569933174491,0.19410805710609053,False,False,True
239,26592.37207556244,26592.37207556244,26613.52987873463,26613.52987873463,26641.62694845732,26641.62694845732,26641.695663625087,26641.695663625087,26641.695663625087,26643.488745292867,26643.488745292867,26688.692814524456,26761.50245417274,26761.50245417274,169.13037861029807,0.6108734616720622,False,False,True
240,26615.76410398942,26615.76410398942,26647.379942560343,26647.379942560343,26674.908221426933,26674.908221426933,26675.04056567843,26675.04056567843,26675.04056567843,26676.892628831712,26676.892628831712,26761.50245417274,26827.725436678167,26827.725436678167,211.96133268874837,0.09062983487541842,False,False,True
241,26954.294081662214,26954.294081662214,26983.556068730722,26983.556068730722,27004.993027757242,27004.993027757242,27005.095114875992,27005.095114875992,27005.095114875992,27007.528204477032,27007.528204477032,27007.528204477032,27074.477532428802,27074.477532428802,120.18345076658807,0.5545317483332007,False,False,True
242,27323.601571196778,27323.601571196778,27351.271388687437,27351.271388687437,27379.77840798415,27379.77840798415,27379.860432303183,27379.860432303183,27379.860432303183,27381.4834802349,27381.4834802349,27381.4834802349,27442.13620026455,27442.13620026455,118.5346290677735,0.4641697240604355,False,False,True
243,27619.22275735284,27619.22275735284,27641.249242016507,27641.249242016507,27668.947177456263,27668.947177456263,27669.020571183748,27669.020571183748,27669.020571183748,27671.264532739773,27671.264532739773,27671.264532739773,27739.63662545755,27739.63662545755,120.41386810471158,0.22074813464254722,False,False,True
244,27674.697244932522,27674.697244932522,27707.26524546537,27707.26524546537,27727.343797488677,27727.343797488677,27727.44001508086,27727.44001508086,27727.44001508086,27729.356326201763,27729.356326201763,27739.63662545755,27761.693224292136,27761.693224292136,86.99597935961356,0.4144921924340807,False,False,True
245,27676.566522777157,27707.26524546537,27734.60174126706,27734.60174126706,27759.457574118576,27759.457574118576,27759.576007120813,27759.576007120813,27759.576007120813,27761.492079070264,27761.492079070264,27761.693224292136,27817.24411240609,27817.24411240609,140.67758962893276,0.4274656175243468,False,False,True
246,27992.829337656985,27992.829337656985,28016.979753478434,28016.979753478434,28040.83346733875,28040.83346733875,28040.930916356345,28040.930916356345,28040.930916356345,28043.16802792516,28043.16802792516,28043.16802792516,28106.78785694891,28106.78785694891,113.95851929192577,0.40975235876019817,False,False,True
247,28059.901930903354,28059.901930903354,28075.540619836946,28075.540619836946,28097.249981805984,28097.249981805984,28097.380204904588,28097.380204904588,28097.380204904588,28099.482220292957,28099.482220292957,28106.78785694891,28149.52264569462,28149.52264569462,89.62071479126462,0.41391277698307327,False,False,True
248,28468.002972838,28468.002972838,28497.865398312748,28497.865398312748,28523.04654303601,28523.04654303601,28523.11751952221,28523.11751952221,28523.11751952221,28525.288703421375,28525.288703421375,28525.288703421375,28591.08355318855,28591.08355318855,123.08058035055001,0.3071068548863126,False,False,True
