ParameterName,Perturbation,ResultingLatency_s,LatencyImpact_pct,ResultingThroughput_pts_hr,ThroughputImpact_pct,SensitivityRank
Doctor Review Time,+30%,215.310007334762,41.79335210819063,31.0,0.0,1
Doctor Review Time,-30%,117.13942901406787,-22.85731392819244,31.0,0.0,2
Doctor Count,+1 Doctor,126.57917707523619,-16.64072633331687,31.0,0.0,3
AI Processing Time,-50%,150.84774471688698,-0.6585543972776502,31.0,0.0,4
AI Processing Time,+50%,152.84774471688698,0.6585543972776502,31.0,0.0,4
Network Delay,+100%,151.9477447168869,0.06585543972770513,31.0,0.0,6
Network Delay,-50%,151.79776990508518,-0.03291113206520058,31.0,0.0,7
Patient Arrival Rate,-25%,151.84774471688698,0.0,31.0,0.0,9
Patient Arrival Rate,+25%,151.84774471688698,0.0,31.0,0.0,9
AI Workers Count,+2 Workers,151.84774471688698,0.0,31.0,0.0,9
